{
    "0": [
        {
            "attempts": 1,
            "startTime": 1678549647,
            "timeUsed": 28234
        },
        {
            "attempts": 1,
            "startTime": 1678549810,
            "timeUsed": 27034
        },
        {
            "attempts": 1,
            "startTime": 1678549820,
            "timeUsed": 26234
        },
        {
            "attempts": 1,
            "startTime": 1678622464,
            "timeUsed": 25534
        },
        {
            "attempts": 1,
            "startTime": 1678659276,
            "timeUsed": 25564
        },
        {
            "attempts": 1,
            "startTime": 1678659334,
            "timeUsed": 25000
        },
        {
            "attempts": 1,
            "startTime": 1678722629,
            "timeUsed": 23562
        },
        {
            "attempts": 1,
            "startTime": 1678723444,
            "timeUsed": 22007
        },
        {
            "attempts": 1,
            "startTime": 1678725368,
            "timeUsed": 22203
        },
        {
            "attempts": 1,
            "startTime": 1678888687,
            "timeUsed": 21272
        }
    ]
}
