{
    "1" : [
        {
            "tile" : 0,
            "height" : 0,
            "ID" : 0,
            "rot" : 0
        }, 
        {
            "tile" : 1,
            "height" : 0,
            "ID" : 1,
            "rot" : 1
        },
        {
            "tile" : 5,
            "height" : 0,
            "ID" : 1,
            "rot" : 0
        },
        {
            "tile" : 0,
            "height" : 1,
            "ID" : 2,
            "rot" : 0
        }
    ]
}